41|mervin@g.com|123|6dfc0830-c304-11e9-9040-af082d7dd198|https://images.unsplash.com/photo-1493236272120-200db0da1927?ixlib=rb-1.2.1&q=80&fm=jpg&crop=entropy&cs=tinysrgb&w=400&h=400&fit=crop&ixid=eyJhcHBfaWQiOjIyMjQzfQ|https://images.unsplash.com/photo-1493236272120-200db0da1927?ixlib=rb-1.2.1&q=80&fm=jpg&crop=entropy&cs=tinysrgb&w=100&h=100&fit=crop&ixid=eyJhcHBfaWQiOjIyMjQzfQ|https://woojoo.s3-us-west-1.amazonaws.com/c4.png|Wilford|Boyle|004-408-8947|http://nicole.name| |Sun Aug 18 2019 04:39:00
42|jaquelin@g.com|123|6e1caf90-c304-11e9-9040-af082d7dd198|https://images.unsplash.com/flagged/photo-1556536951-ab795e6e50f8?ixlib=rb-1.2.1&q=80&fm=jpg&crop=entropy&cs=tinysrgb&w=400&h=400&fit=crop&ixid=eyJhcHBfaWQiOjIyMjQzfQ|https://images.unsplash.com/flagged/photo-1556536951-ab795e6e50f8?ixlib=rb-1.2.1&q=80&fm=jpg&crop=entropy&cs=tinysrgb&w=100&h=100&fit=crop&ixid=eyJhcHBfaWQiOjIyMjQzfQ|https://woojoo.s3-us-west-1.amazonaws.com/c2.png|Dell|O'Keefe|442-042-4298|https://aron.biz| |Sun Aug 18 2019 03:39:00
43|cary@g.com|123|6e35dce0-c304-11e9-9040-af082d7dd198|https://images.unsplash.com/photo-1495555961986-6d4c1ecb7be3?ixlib=rb-1.2.1&q=80&fm=jpg&crop=entropy&cs=tinysrgb&w=400&h=400&fit=crop&ixid=eyJhcHBfaWQiOjIyMjQzfQ|https://images.unsplash.com/photo-1495555961986-6d4c1ecb7be3?ixlib=rb-1.2.1&q=80&fm=jpg&crop=entropy&cs=tinysrgb&w=100&h=100&fit=crop&ixid=eyJhcHBfaWQiOjIyMjQzfQ|https://woojoo.s3-us-west-1.amazonaws.com/c3.png|Adrien|Bode|022-355-9147|http://wilhelm.biz| |Sun Aug 18 2019 02:39:00
44|vesta@g.com|123|6e4fcd80-c304-11e9-9040-af082d7dd198|https://images.unsplash.com/photo-1461141346587-763ab02bced9?ixlib=rb-1.2.1&q=80&fm=jpg&crop=entropy&cs=tinysrgb&w=400&h=400&fit=crop&ixid=eyJhcHBfaWQiOjIyMjQzfQ|https://images.unsplash.com/photo-1461141346587-763ab02bced9?ixlib=rb-1.2.1&q=80&fm=jpg&crop=entropy&cs=tinysrgb&w=100&h=100&fit=crop&ixid=eyJhcHBfaWQiOjIyMjQzfQ|https://woojoo.s3-us-west-1.amazonaws.com/c6.png|Stacey|Gaylord|313-668-7243|http://savannah.net| |Sun Aug 18 2019 01:39:00
45|grayce@g.com|123|6e6cf270-c304-11e9-9040-af082d7dd198|https://images.unsplash.com/photo-1495555961986-6d4c1ecb7be3?ixlib=rb-1.2.1&q=80&fm=jpg&crop=entropy&cs=tinysrgb&w=400&h=400&fit=crop&ixid=eyJhcHBfaWQiOjIyMjQzfQ|https://images.unsplash.com/photo-1495555961986-6d4c1ecb7be3?ixlib=rb-1.2.1&q=80&fm=jpg&crop=entropy&cs=tinysrgb&w=100&h=100&fit=crop&ixid=eyJhcHBfaWQiOjIyMjQzfQ|https://woojoo.s3-us-west-1.amazonaws.com/c2.png|Mathias|Huel|745-298-5581|https://sebastian.org| |Sun Aug 18 2019 00:39:01
46|gay@g.com|123|6e8842a0-c304-11e9-9040-af082d7dd198|https://images.unsplash.com/photo-1505740420928-5e560c06d30e?ixlib=rb-1.2.1&q=80&fm=jpg&crop=entropy&cs=tinysrgb&w=400&h=400&fit=crop&ixid=eyJhcHBfaWQiOjIyMjQzfQ|https://images.unsplash.com/photo-1505740420928-5e560c06d30e?ixlib=rb-1.2.1&q=80&fm=jpg&crop=entropy&cs=tinysrgb&w=100&h=100&fit=crop&ixid=eyJhcHBfaWQiOjIyMjQzfQ|https://woojoo.s3-us-west-1.amazonaws.com/c1.png|Ayden|Dooley|576-463-2118|https://mustafa.name| |Sat Aug 17 2019 23:39:01
47|jarod@g.com|123|6ea31da0-c304-11e9-9040-af082d7dd198|https://images.unsplash.com/photo-1463185115291-81551068479c?ixlib=rb-1.2.1&q=80&fm=jpg&crop=entropy&cs=tinysrgb&w=400&h=400&fit=crop&ixid=eyJhcHBfaWQiOjIyMjQzfQ|https://images.unsplash.com/photo-1463185115291-81551068479c?ixlib=rb-1.2.1&q=80&fm=jpg&crop=entropy&cs=tinysrgb&w=100&h=100&fit=crop&ixid=eyJhcHBfaWQiOjIyMjQzfQ|https://woojoo.s3-us-west-1.amazonaws.com/c1.png|Amanda|McDermott|290-118-7473|http://estel.name| |Sat Aug 17 2019 22:39:01
48|aida@g.com|123|6edacf70-c304-11e9-9040-af082d7dd198|https://images.unsplash.com/photo-1520556848992-2e88b31ba61e?ixlib=rb-1.2.1&q=80&fm=jpg&crop=entropy&cs=tinysrgb&w=400&h=400&fit=crop&ixid=eyJhcHBfaWQiOjIyMjQzfQ|https://images.unsplash.com/photo-1520556848992-2e88b31ba61e?ixlib=rb-1.2.1&q=80&fm=jpg&crop=entropy&cs=tinysrgb&w=100&h=100&fit=crop&ixid=eyJhcHBfaWQiOjIyMjQzfQ|https://woojoo.s3-us-west-1.amazonaws.com/c3.png|Maximillian|Marks|207-630-5931|https://jana.com| |Sat Aug 17 2019 21:39:01
49|kristian@g.com|123|6ef31260-c304-11e9-9040-af082d7dd198|https://images.unsplash.com/photo-1422190441165-ec2956dc9ecc?ixlib=rb-1.2.1&q=80&fm=jpg&crop=entropy&cs=tinysrgb&w=400&h=400&fit=crop&ixid=eyJhcHBfaWQiOjIyMjQzfQ|https://images.unsplash.com/photo-1422190441165-ec2956dc9ecc?ixlib=rb-1.2.1&q=80&fm=jpg&crop=entropy&cs=tinysrgb&w=100&h=100&fit=crop&ixid=eyJhcHBfaWQiOjIyMjQzfQ|https://woojoo.s3-us-west-1.amazonaws.com/c6.png|Bartholome|Keebler|591-897-6074|http://domenic.com| |Sat Aug 17 2019 20:39:02
50|oswaldo@g.com|123|6f0d9f40-c304-11e9-9040-af082d7dd198|https://images.unsplash.com/photo-1522115174737-2497162f69ec?ixlib=rb-1.2.1&q=80&fm=jpg&crop=entropy&cs=tinysrgb&w=400&h=400&fit=crop&ixid=eyJhcHBfaWQiOjIyMjQzfQ|https://images.unsplash.com/photo-1522115174737-2497162f69ec?ixlib=rb-1.2.1&q=80&fm=jpg&crop=entropy&cs=tinysrgb&w=100&h=100&fit=crop&ixid=eyJhcHBfaWQiOjIyMjQzfQ|https://woojoo.s3-us-west-1.amazonaws.com/c6.png|Modesto|Graham|833-212-3880|https://jaquan.biz| |Sat Aug 17 2019 19:39:02
51|jovany@g.com|123|6f26a580-c304-11e9-9040-af082d7dd198|https://images.unsplash.com/photo-1493497029755-f49c8e9a8bbe?ixlib=rb-1.2.1&q=80&fm=jpg&crop=entropy&cs=tinysrgb&w=400&h=400&fit=crop&ixid=eyJhcHBfaWQiOjIyMjQzfQ|https://images.unsplash.com/photo-1493497029755-f49c8e9a8bbe?ixlib=rb-1.2.1&q=80&fm=jpg&crop=entropy&cs=tinysrgb&w=100&h=100&fit=crop&ixid=eyJhcHBfaWQiOjIyMjQzfQ|https://woojoo.s3-us-west-1.amazonaws.com/c1.png|Madeline|Gorczany|248-328-4412|http://fredy.com| |Sat Aug 17 2019 18:39:02
52|melany@g.com|123|6f3f0f80-c304-11e9-9040-af082d7dd198|https://images.unsplash.com/photo-1530601925101-42efae542166?ixlib=rb-1.2.1&q=80&fm=jpg&crop=entropy&cs=tinysrgb&w=400&h=400&fit=crop&ixid=eyJhcHBfaWQiOjIyMjQzfQ|https://images.unsplash.com/photo-1530601925101-42efae542166?ixlib=rb-1.2.1&q=80&fm=jpg&crop=entropy&cs=tinysrgb&w=100&h=100&fit=crop&ixid=eyJhcHBfaWQiOjIyMjQzfQ|https://woojoo.s3-us-west-1.amazonaws.com/c2.png|Eliseo|O'Conner|628-842-7777|http://sigrid.net| |Sat Aug 17 2019 17:39:02
53|myrl@g.com|123|6f56b630-c304-11e9-9040-af082d7dd198|https://images.unsplash.com/photo-1524673360092-e07b7ae58845?ixlib=rb-1.2.1&q=80&fm=jpg&crop=entropy&cs=tinysrgb&w=400&h=400&fit=crop&ixid=eyJhcHBfaWQiOjIyMjQzfQ|https://images.unsplash.com/photo-1524673360092-e07b7ae58845?ixlib=rb-1.2.1&q=80&fm=jpg&crop=entropy&cs=tinysrgb&w=100&h=100&fit=crop&ixid=eyJhcHBfaWQiOjIyMjQzfQ|https://woojoo.s3-us-west-1.amazonaws.com/c2.png|Greyson|West|876-301-3460|https://hertha.info| |Sat Aug 17 2019 16:39:02
54|frederick@g.com|123|6f6d4b70-c304-11e9-9040-af082d7dd198|https://images.unsplash.com/photo-1503328427499-d92d1ac3d174?ixlib=rb-1.2.1&q=80&fm=jpg&crop=entropy&cs=tinysrgb&w=400&h=400&fit=crop&ixid=eyJhcHBfaWQiOjIyMjQzfQ|https://images.unsplash.com/photo-1503328427499-d92d1ac3d174?ixlib=rb-1.2.1&q=80&fm=jpg&crop=entropy&cs=tinysrgb&w=100&h=100&fit=crop&ixid=eyJhcHBfaWQiOjIyMjQzfQ|https://woojoo.s3-us-west-1.amazonaws.com/c2.png|Cory|Stark|134-535-7672|https://rico.info| |Sat Aug 17 2019 15:39:02
55|baylee@g.com|123|6f8b81d0-c304-11e9-9040-af082d7dd198|https://images.unsplash.com/photo-1473496169904-658ba7c44d8a?ixlib=rb-1.2.1&q=80&fm=jpg&crop=entropy&cs=tinysrgb&w=400&h=400&fit=crop&ixid=eyJhcHBfaWQiOjIyMjQzfQ|https://images.unsplash.com/photo-1473496169904-658ba7c44d8a?ixlib=rb-1.2.1&q=80&fm=jpg&crop=entropy&cs=tinysrgb&w=100&h=100&fit=crop&ixid=eyJhcHBfaWQiOjIyMjQzfQ|https://woojoo.s3-us-west-1.amazonaws.com/c4.png|Alison|Metz|276-963-3104|http://naomie.name| |Sat Aug 17 2019 14:39:03
56|zola@g.com|123|6fa7bc60-c304-11e9-9040-af082d7dd198|https://images.unsplash.com/photo-1556228578-567ba127e37f?ixlib=rb-1.2.1&q=80&fm=jpg&crop=entropy&cs=tinysrgb&w=400&h=400&fit=crop&ixid=eyJhcHBfaWQiOjIyMjQzfQ|https://images.unsplash.com/photo-1556228578-567ba127e37f?ixlib=rb-1.2.1&q=80&fm=jpg&crop=entropy&cs=tinysrgb&w=100&h=100&fit=crop&ixid=eyJhcHBfaWQiOjIyMjQzfQ|https://woojoo.s3-us-west-1.amazonaws.com/c1.png|Margaretta|King|018-268-3604|https://carole.org| |Sat Aug 17 2019 13:39:03
57|colby@g.com|123|6fc5f2c0-c304-11e9-9040-af082d7dd198|https://images.unsplash.com/photo-1529738097101-93c2129413ed?ixlib=rb-1.2.1&q=80&fm=jpg&crop=entropy&cs=tinysrgb&w=400&h=400&fit=crop&ixid=eyJhcHBfaWQiOjIyMjQzfQ|https://images.unsplash.com/photo-1529738097101-93c2129413ed?ixlib=rb-1.2.1&q=80&fm=jpg&crop=entropy&cs=tinysrgb&w=100&h=100&fit=crop&ixid=eyJhcHBfaWQiOjIyMjQzfQ|https://woojoo.s3-us-west-1.amazonaws.com/c1.png|Shayna|Vandervort|680-693-9192|http://christopher.info| |Sat Aug 17 2019 12:39:03
58|rashad@g.com|123|6fdf6e30-c304-11e9-9040-af082d7dd198|https://images.unsplash.com/photo-1473496169904-658ba7c44d8a?ixlib=rb-1.2.1&q=80&fm=jpg&crop=entropy&cs=tinysrgb&w=400&h=400&fit=crop&ixid=eyJhcHBfaWQiOjIyMjQzfQ|https://images.unsplash.com/photo-1473496169904-658ba7c44d8a?ixlib=rb-1.2.1&q=80&fm=jpg&crop=entropy&cs=tinysrgb&w=100&h=100&fit=crop&ixid=eyJhcHBfaWQiOjIyMjQzfQ|https://woojoo.s3-us-west-1.amazonaws.com/c6.png|Thea|Hand|293-797-8124|http://marie.com| |Sat Aug 17 2019 11:39:03
59|winifred@g.com|123|6ff89b80-c304-11e9-9040-af082d7dd198|https://images.unsplash.com/photo-1491903105045-2b1c0d9bc5ca?ixlib=rb-1.2.1&q=80&fm=jpg&crop=entropy&cs=tinysrgb&w=400&h=400&fit=crop&ixid=eyJhcHBfaWQiOjIyMjQzfQ|https://images.unsplash.com/photo-1491903105045-2b1c0d9bc5ca?ixlib=rb-1.2.1&q=80&fm=jpg&crop=entropy&cs=tinysrgb&w=100&h=100&fit=crop&ixid=eyJhcHBfaWQiOjIyMjQzfQ|https://woojoo.s3-us-west-1.amazonaws.com/c3.png|Edgar|Marks|637-302-2276|http://vance.org| |Sat Aug 17 2019 10:39:03
60|johnathan@g.com|123|70132860-c304-11e9-9040-af082d7dd198|https://images.unsplash.com/photo-1493236272120-200db0da1927?ixlib=rb-1.2.1&q=80&fm=jpg&crop=entropy&cs=tinysrgb&w=400&h=400&fit=crop&ixid=eyJhcHBfaWQiOjIyMjQzfQ|https://images.unsplash.com/photo-1493236272120-200db0da1927?ixlib=rb-1.2.1&q=80&fm=jpg&crop=entropy&cs=tinysrgb&w=100&h=100&fit=crop&ixid=eyJhcHBfaWQiOjIyMjQzfQ|https://woojoo.s3-us-west-1.amazonaws.com/c4.png|Estevan|Mayert|909-617-7025|http://joanny.com| |Sat Aug 17 2019 09:39:03
61|rosalee@g.com|123|7033cfc0-c304-11e9-9040-af082d7dd198|https://images.unsplash.com/flagged/photo-1556667885-a6e05b14f2eb?ixlib=rb-1.2.1&q=80&fm=jpg&crop=entropy&cs=tinysrgb&w=400&h=400&fit=crop&ixid=eyJhcHBfaWQiOjIyMjQzfQ|https://images.unsplash.com/flagged/photo-1556667885-a6e05b14f2eb?ixlib=rb-1.2.1&q=80&fm=jpg&crop=entropy&cs=tinysrgb&w=100&h=100&fit=crop&ixid=eyJhcHBfaWQiOjIyMjQzfQ|https://woojoo.s3-us-west-1.amazonaws.com/c3.png|Esta|Nienow|940-325-9840|http://jettie.org| |Sat Aug 17 2019 08:39:04
62|rick@g.com|123|704e3590-c304-11e9-9040-af082d7dd198|https://images.unsplash.com/photo-1524678606370-a47ad25cb82a?ixlib=rb-1.2.1&q=80&fm=jpg&crop=entropy&cs=tinysrgb&w=400&h=400&fit=crop&ixid=eyJhcHBfaWQiOjIyMjQzfQ|https://images.unsplash.com/photo-1524678606370-a47ad25cb82a?ixlib=rb-1.2.1&q=80&fm=jpg&crop=entropy&cs=tinysrgb&w=100&h=100&fit=crop&ixid=eyJhcHBfaWQiOjIyMjQzfQ|https://woojoo.s3-us-west-1.amazonaws.com/c2.png|Emil|Schowalter|802-539-3578|http://samson.org| |Sat Aug 17 2019 07:39:04
63|tyra@g.com|123|70a11080-c304-11e9-9040-af082d7dd198|https://images.unsplash.com/photo-1511300961358-669ca3ad05af?ixlib=rb-1.2.1&q=80&fm=jpg&crop=entropy&cs=tinysrgb&w=400&h=400&fit=crop&ixid=eyJhcHBfaWQiOjIyMjQzfQ|https://images.unsplash.com/photo-1511300961358-669ca3ad05af?ixlib=rb-1.2.1&q=80&fm=jpg&crop=entropy&cs=tinysrgb&w=100&h=100&fit=crop&ixid=eyJhcHBfaWQiOjIyMjQzfQ|https://woojoo.s3-us-west-1.amazonaws.com/c3.png|Ramona|Rath|861-319-5900|https://raul.org| |Sat Aug 17 2019 06:39:04
64|verlie@g.com|123|70c8bcc0-c304-11e9-9040-af082d7dd198|https://images.unsplash.com/photo-1561414927-6d86591d0c4f?ixlib=rb-1.2.1&q=80&fm=jpg&crop=entropy&cs=tinysrgb&w=400&h=400&fit=crop&ixid=eyJhcHBfaWQiOjIyMjQzfQ|https://images.unsplash.com/photo-1561414927-6d86591d0c4f?ixlib=rb-1.2.1&q=80&fm=jpg&crop=entropy&cs=tinysrgb&w=100&h=100&fit=crop&ixid=eyJhcHBfaWQiOjIyMjQzfQ|https://woojoo.s3-us-west-1.amazonaws.com/c5.png|Destiny|Bartell|402-081-9475|https://samantha.net| |Sat Aug 17 2019 05:39:05
65|lorenza@g.com|123|70e51e60-c304-11e9-9040-af082d7dd198|https://images.unsplash.com/photo-1556228578-dd539282b964?ixlib=rb-1.2.1&q=80&fm=jpg&crop=entropy&cs=tinysrgb&w=400&h=400&fit=crop&ixid=eyJhcHBfaWQiOjIyMjQzfQ|https://images.unsplash.com/photo-1556228578-dd539282b964?ixlib=rb-1.2.1&q=80&fm=jpg&crop=entropy&cs=tinysrgb&w=100&h=100&fit=crop&ixid=eyJhcHBfaWQiOjIyMjQzfQ|https://woojoo.s3-us-west-1.amazonaws.com/c4.png|Leif|Stoltenberg|850-191-0478|https://demarcus.com| |Sat Aug 17 2019 04:39:05
66|arielle@g.com|123|7101f530-c304-11e9-9040-af082d7dd198|https://images.unsplash.com/photo-1508666709797-f0bb3d96324d?ixlib=rb-1.2.1&q=80&fm=jpg&crop=entropy&cs=tinysrgb&w=400&h=400&fit=crop&ixid=eyJhcHBfaWQiOjIyMjQzfQ|https://images.unsplash.com/photo-1508666709797-f0bb3d96324d?ixlib=rb-1.2.1&q=80&fm=jpg&crop=entropy&cs=tinysrgb&w=100&h=100&fit=crop&ixid=eyJhcHBfaWQiOjIyMjQzfQ|https://woojoo.s3-us-west-1.amazonaws.com/c6.png|Hiram|Waters|320-519-2985|https://gustave.name| |Sat Aug 17 2019 03:39:05
67|lilian@g.com|123|711ecc00-c304-11e9-9040-af082d7dd198|https://images.unsplash.com/photo-1524678606370-a47ad25cb82a?ixlib=rb-1.2.1&q=80&fm=jpg&crop=entropy&cs=tinysrgb&w=400&h=400&fit=crop&ixid=eyJhcHBfaWQiOjIyMjQzfQ|https://images.unsplash.com/photo-1524678606370-a47ad25cb82a?ixlib=rb-1.2.1&q=80&fm=jpg&crop=entropy&cs=tinysrgb&w=100&h=100&fit=crop&ixid=eyJhcHBfaWQiOjIyMjQzfQ|https://woojoo.s3-us-west-1.amazonaws.com/c2.png|Krista|Sanford|850-551-6366|http://willis.name| |Sat Aug 17 2019 02:39:05
68|ivah@g.com|123|7137d240-c304-11e9-9040-af082d7dd198|https://images.unsplash.com/photo-1524673360092-e07b7ae58845?ixlib=rb-1.2.1&q=80&fm=jpg&crop=entropy&cs=tinysrgb&w=400&h=400&fit=crop&ixid=eyJhcHBfaWQiOjIyMjQzfQ|https://images.unsplash.com/photo-1524673360092-e07b7ae58845?ixlib=rb-1.2.1&q=80&fm=jpg&crop=entropy&cs=tinysrgb&w=100&h=100&fit=crop&ixid=eyJhcHBfaWQiOjIyMjQzfQ|https://woojoo.s3-us-west-1.amazonaws.com/c3.png|Edison|Beer|112-083-4304|http://waylon.org| |Sat Aug 17 2019 01:39:05
69|nathanael@g.com|123|714f51e0-c304-11e9-9040-af082d7dd198|https://images.unsplash.com/photo-1491553895911-0055eca6402d?ixlib=rb-1.2.1&q=80&fm=jpg&crop=entropy&cs=tinysrgb&w=400&h=400&fit=crop&ixid=eyJhcHBfaWQiOjIyMjQzfQ|https://images.unsplash.com/photo-1491553895911-0055eca6402d?ixlib=rb-1.2.1&q=80&fm=jpg&crop=entropy&cs=tinysrgb&w=100&h=100&fit=crop&ixid=eyJhcHBfaWQiOjIyMjQzfQ|https://woojoo.s3-us-west-1.amazonaws.com/c5.png|Zoey|Legros|154-238-3560|http://abbigail.biz| |Sat Aug 17 2019 00:39:05
70|angelica@g.com|123|7169b7b0-c304-11e9-9040-af082d7dd198|https://images.unsplash.com/photo-1523275335684-37898b6baf30?ixlib=rb-1.2.1&q=80&fm=jpg&crop=entropy&cs=tinysrgb&w=400&h=400&fit=crop&ixid=eyJhcHBfaWQiOjIyMjQzfQ|https://images.unsplash.com/photo-1523275335684-37898b6baf30?ixlib=rb-1.2.1&q=80&fm=jpg&crop=entropy&cs=tinysrgb&w=100&h=100&fit=crop&ixid=eyJhcHBfaWQiOjIyMjQzfQ|https://woojoo.s3-us-west-1.amazonaws.com/c4.png|Lenore|Bartoletti|428-869-9526|https://maximus.info| |Fri Aug 16 2019 23:39:06
71|bulah@g.com|123|718296e0-c304-11e9-9040-af082d7dd198|https://images.unsplash.com/photo-1562102049-03d1bd23c43e?ixlib=rb-1.2.1&q=80&fm=jpg&crop=entropy&cs=tinysrgb&w=400&h=400&fit=crop&ixid=eyJhcHBfaWQiOjIyMjQzfQ|https://images.unsplash.com/photo-1562102049-03d1bd23c43e?ixlib=rb-1.2.1&q=80&fm=jpg&crop=entropy&cs=tinysrgb&w=100&h=100&fit=crop&ixid=eyJhcHBfaWQiOjIyMjQzfQ|https://woojoo.s3-us-west-1.amazonaws.com/c1.png|Rey|Hyatt|315-639-4822|https://alva.net| |Fri Aug 16 2019 22:39:06
72|kira@g.com|123|719c6070-c304-11e9-9040-af082d7dd198|https://images.unsplash.com/photo-1498603911539-01ce6c9ad8f5?ixlib=rb-1.2.1&q=80&fm=jpg&crop=entropy&cs=tinysrgb&w=400&h=400&fit=crop&ixid=eyJhcHBfaWQiOjIyMjQzfQ|https://images.unsplash.com/photo-1498603911539-01ce6c9ad8f5?ixlib=rb-1.2.1&q=80&fm=jpg&crop=entropy&cs=tinysrgb&w=100&h=100&fit=crop&ixid=eyJhcHBfaWQiOjIyMjQzfQ|https://woojoo.s3-us-west-1.amazonaws.com/c2.png|Angela|Ankunding|053-330-4012|https://tatum.org| |Fri Aug 16 2019 21:39:06
73|gia@g.com|123|71ba48b0-c304-11e9-9040-af082d7dd198|https://images.unsplash.com/photo-1496250838193-02a942028e18?ixlib=rb-1.2.1&q=80&fm=jpg&crop=entropy&cs=tinysrgb&w=400&h=400&fit=crop&ixid=eyJhcHBfaWQiOjIyMjQzfQ|https://images.unsplash.com/photo-1496250838193-02a942028e18?ixlib=rb-1.2.1&q=80&fm=jpg&crop=entropy&cs=tinysrgb&w=100&h=100&fit=crop&ixid=eyJhcHBfaWQiOjIyMjQzfQ|https://woojoo.s3-us-west-1.amazonaws.com/c1.png|Johnpaul|Hermiston|065-792-9807|https://juwan.com| |Fri Aug 16 2019 20:39:06
74|lester@g.com|123|71d37600-c304-11e9-9040-af082d7dd198|https://images.unsplash.com/photo-1457968867385-9f877f3f2bce?ixlib=rb-1.2.1&q=80&fm=jpg&crop=entropy&cs=tinysrgb&w=400&h=400&fit=crop&ixid=eyJhcHBfaWQiOjIyMjQzfQ|https://images.unsplash.com/photo-1457968867385-9f877f3f2bce?ixlib=rb-1.2.1&q=80&fm=jpg&crop=entropy&cs=tinysrgb&w=100&h=100&fit=crop&ixid=eyJhcHBfaWQiOjIyMjQzfQ|https://woojoo.s3-us-west-1.amazonaws.com/c1.png|Carmelo|Hackett|829-773-4107|http://mertie.info| |Fri Aug 16 2019 19:39:06
75|geovany@g.com|123|71eca350-c304-11e9-9040-af082d7dd198|https://images.unsplash.com/photo-1536416222540-94c54d6f07df?ixlib=rb-1.2.1&q=80&fm=jpg&crop=entropy&cs=tinysrgb&w=400&h=400&fit=crop&ixid=eyJhcHBfaWQiOjIyMjQzfQ|https://images.unsplash.com/photo-1536416222540-94c54d6f07df?ixlib=rb-1.2.1&q=80&fm=jpg&crop=entropy&cs=tinysrgb&w=100&h=100&fit=crop&ixid=eyJhcHBfaWQiOjIyMjQzfQ|https://woojoo.s3-us-west-1.amazonaws.com/c3.png|Keon|Nienow|887-735-3357|http://marvin.name| |Fri Aug 16 2019 18:39:07
76|ruthe@g.com|123|7205a990-c304-11e9-9040-af082d7dd198|https://images.unsplash.com/photo-1473496169904-658ba7c44d8a?ixlib=rb-1.2.1&q=80&fm=jpg&crop=entropy&cs=tinysrgb&w=400&h=400&fit=crop&ixid=eyJhcHBfaWQiOjIyMjQzfQ|https://images.unsplash.com/photo-1473496169904-658ba7c44d8a?ixlib=rb-1.2.1&q=80&fm=jpg&crop=entropy&cs=tinysrgb&w=100&h=100&fit=crop&ixid=eyJhcHBfaWQiOjIyMjQzfQ|https://woojoo.s3-us-west-1.amazonaws.com/c6.png|Carolyne|Hayes|178-665-6210|http://gwendolyn.com| |Fri Aug 16 2019 17:39:07
77|angelita@g.com|123|72220b30-c304-11e9-9040-af082d7dd198|https://images.unsplash.com/photo-1495555961986-6d4c1ecb7be3?ixlib=rb-1.2.1&q=80&fm=jpg&crop=entropy&cs=tinysrgb&w=400&h=400&fit=crop&ixid=eyJhcHBfaWQiOjIyMjQzfQ|https://images.unsplash.com/photo-1495555961986-6d4c1ecb7be3?ixlib=rb-1.2.1&q=80&fm=jpg&crop=entropy&cs=tinysrgb&w=100&h=100&fit=crop&ixid=eyJhcHBfaWQiOjIyMjQzfQ|https://woojoo.s3-us-west-1.amazonaws.com/c2.png|Kendrick|Ortiz|900-036-8265|https://jerod.com| |Fri Aug 16 2019 16:39:07
78|marlee@g.com|123|723e45c0-c304-11e9-9040-af082d7dd198|https://images.unsplash.com/photo-1493236272120-200db0da1927?ixlib=rb-1.2.1&q=80&fm=jpg&crop=entropy&cs=tinysrgb&w=400&h=400&fit=crop&ixid=eyJhcHBfaWQiOjIyMjQzfQ|https://images.unsplash.com/photo-1493236272120-200db0da1927?ixlib=rb-1.2.1&q=80&fm=jpg&crop=entropy&cs=tinysrgb&w=100&h=100&fit=crop&ixid=eyJhcHBfaWQiOjIyMjQzfQ|https://woojoo.s3-us-west-1.amazonaws.com/c1.png|Domenica|Okuneva|684-751-5941|http://nick.name| |Fri Aug 16 2019 15:39:07
79|cruz@g.com|123|7258ab90-c304-11e9-9040-af082d7dd198|https://images.unsplash.com/photo-1467949576168-6ce8e2df4e13?ixlib=rb-1.2.1&q=80&fm=jpg&crop=entropy&cs=tinysrgb&w=400&h=400&fit=crop&ixid=eyJhcHBfaWQiOjIyMjQzfQ|https://images.unsplash.com/photo-1467949576168-6ce8e2df4e13?ixlib=rb-1.2.1&q=80&fm=jpg&crop=entropy&cs=tinysrgb&w=100&h=100&fit=crop&ixid=eyJhcHBfaWQiOjIyMjQzfQ|https://woojoo.s3-us-west-1.amazonaws.com/c5.png|Eloise|Mante|767-292-4945|http://genoveva.biz| |Fri Aug 16 2019 14:39:07
80|taya@g.com|123|7271fff0-c304-11e9-9040-af082d7dd198|https://images.unsplash.com/photo-1479064555552-3ef4979f8908?ixlib=rb-1.2.1&q=80&fm=jpg&crop=entropy&cs=tinysrgb&w=400&h=400&fit=crop&ixid=eyJhcHBfaWQiOjIyMjQzfQ|https://images.unsplash.com/photo-1479064555552-3ef4979f8908?ixlib=rb-1.2.1&q=80&fm=jpg&crop=entropy&cs=tinysrgb&w=100&h=100&fit=crop&ixid=eyJhcHBfaWQiOjIyMjQzfQ|https://woojoo.s3-us-west-1.amazonaws.com/c3.png|Harrison|Jenkins|463-443-6147|http://elna.info| |Fri Aug 16 2019 13:39:07
81|darron@g.com|123|728adf20-c304-11e9-9040-af082d7dd198|https://images.unsplash.com/photo-1484239398315-f1681ef72fe6?ixlib=rb-1.2.1&q=80&fm=jpg&crop=entropy&cs=tinysrgb&w=400&h=400&fit=crop&ixid=eyJhcHBfaWQiOjIyMjQzfQ|https://images.unsplash.com/photo-1484239398315-f1681ef72fe6?ixlib=rb-1.2.1&q=80&fm=jpg&crop=entropy&cs=tinysrgb&w=100&h=100&fit=crop&ixid=eyJhcHBfaWQiOjIyMjQzfQ|https://woojoo.s3-us-west-1.amazonaws.com/c2.png|Danyka|Stanton|959-326-2560|http://brandt.org| |Fri Aug 16 2019 12:39:08
